Officer_id,Officer_name,Officer_designation,Officer_rank,officer_experience,Marital_Status
303818,SOORAJ BEN K R,Airforce,Marshal of the Indian Air Force,1,Married
121090,GOBBILLA VIDYADHARI,Army,Lieutenant General,2,Unmarried
848230,PALUVAI VISHNU VARDHAN REDDY,Navy,Warrant Officer,2,Married
101052,K A V S PRASAD REDDY,Army,Lieutenant General,2,Unmarried
113438,KALPESH KUMAR SHARMA,Navy,Warrant Officer,2,Unmarried
661942,JONG PAVANKUMAR APPASAHEB,Airforce,Air Chief Marshal,2,Married
319662,GURHARSH SINGH,Navy,Ensign,2,Married
690551,GAURAV JAIN,Army,Lieutenant General,2,Married
419917,SHREYAS SRIVASTAVA,Navy,Ensign,3,Married
560702,DHIVYA N,Airforce,Air Marshal,3,Married
803894,CHAVAN SUHAS MADHUKAR,Navy,Lieutenant,3,Married
111857,RAMKRISHNA SARAN,Army,Major General,3,Married
400024,SHUBHAM BAJAJ,Airforce,Air Marshal,3,Married
662578,VIKALPA N VISHWAKARMA,Navy,Lieutenant,3,Married
611901,MRIDULA SINGH,Army,Major General,3,Married
120195,R VIDYADHAR,Navy,Lieutenant,3,Unmarried
262928,ANJALI VISHWAKARMA,Navy,Lieutenant,3,Unmarried
190005,DILIP K KAINIKKARA,Army,Major General,4,Unmarried
261821,TAPAS MIHIR,Navy,Lieutenant,4,Unmarried
414278,AKSHAT JAIN,Navy,Lieutenant Commander,4,Married
720322,AYUSH KUMAR SHEOHARE,Army,Major General,4,Unmarried
113487,RAHUL JHAJHRIA,Navy,Lieutenant Commander,4,Unmarried
660727,PATIL TEJAS VISHNU,Airforce,Air Commodore,4,Unmarried
715363,MOHAMMED FATAHUN AZEEZ KHAN,Navy,Commander,4,Unmarried
153891,HIMANSHU TYAGI,Army,Brigadier,4,Unmarried
660707,SAWANT MINAL MAHADHEO,Navy,Commander,4,Unmarried
801009,ABHISHEK V,Navy,Captain,4,Unmarried
834634,VANDNA,Airforce,Air Vice Marshal,5,Unmarried
380988,AHIRE SWAPNIL MANOHAR,Navy,Captain,5,Unmarried
838861,RAHUL KUMAR AGRAWAL,Navy,Captain,5,Unmarried
412195,KUMAR SUBHAM,Army,Colonel,5,Unmarried
110462,NIDHI CHOUHAN,Airforce,Air Vice Marshal,5,Married
207249,SHASHANK SHEKHAR SINGH,Airforce,Air Commodore,5,Unmarried
102104,GAURAV GARG,Army,Colonel,5,Unmarried
560610,BALASUBRAMANI N,Airforce,Air Commodore,5,Unmarried
661575,WAGH PAVAN SHALIGRAM,Army,Colonel,5,Unmarried
491042,NIKHIL AGRAWAL,Airforce,Air Commodore,5,Married
415215,ALEKH SAXENA,Army,Colonel,5,Unmarried
260121,RAVINDRA KUMAR GUPTA,Navy,Lieutenant,5,Unmarried
662367,OHOL SACHIN ANNASAHEB,Airforce,Air Commodore,5,Married
801842,GOURAV SHARMA,Army,Brigadier,5,Unmarried
816548,DHEERAJ YADAV,Army,Brigadier,6,Unmarried
261293,MUDIT KUMAR,Airforce,Group Captain,6,Unmarried
827468,BEERENDRA KUMAR PATEL,Army,Colonel,6,Unmarried
730153,SOURABH K,Army,Colonel,6,Married
591803,NITISH KUMAR,Airforce,Wing Commander,6,Unmarried
114319,JITENDRA CHOUDHARY,Army,Brigadier,6,Unmarried
154308,SUMIT KUMAR,Airforce,Wing Commander,6,Unmarried
130444,PAKHALE PRITESH MANOHARRAO,Army,Colonel,6,Unmarried
152086,INDRA BHUSHAN ,Airforce,Wing Commander,6,Unmarried
152088,SUICIDE BOMBER,Army,Brigadier,4,Unmarried